url,old_title,new_title,new_meta_description
highqualityclean.co.uk/locations/london/mayfair/,Mayfair Cleaning Services | Premium Standards,Domestic Cleaners Mayfair | Premium House Cleaning,"Top-rated domestic cleaners in Mayfair. We provide high-end weekly housekeeping, deep cleaning, and ironing. Book your local cleaner today."
highqualityclean.co.uk/locations/london/belgravia/,Luxury Cleaning Services Belgravia | High Quality Clean,Domestic Cleaners Belgravia | Premium House Cleaning,"Top-rated domestic cleaners in Belgravia. We provide high-end weekly housekeeping, deep cleaning, and ironing. Book your local cleaner today."
highqualityclean.co.uk/locations/london/knightsbridge/,Knightsbridge Cleaning Services | Premium Home Care,Domestic Cleaners Knightsbridge | Premium House Cleaning,"Top-rated domestic cleaners in Knightsbridge. We provide high-end weekly housekeeping, deep cleaning, and ironing. Book your local cleaner today."
highqualityclean.co.uk/locations/london/kensington/,Premium Cleaning Services Kensington | High Quality Clean,Domestic Cleaners Kensington | Premium House Cleaning,"Top-rated domestic cleaners in Kensington. We provide high-end weekly housekeeping, deep cleaning, and ironing. Book your local cleaner today."
highqualityclean.co.uk/locations/london/chelsea/,Chelsea Cleaning Services | Luxury Residential Care,Domestic Cleaners Chelsea | Premium House Cleaning,"Top-rated domestic cleaners in Chelsea. We provide high-end weekly housekeeping, deep cleaning, and ironing. Book your local cleaner today."
highqualityclean.co.uk/locations/london/notting-hill/,Notting Hill Cleaning Services | Premium Home Care,Domestic Cleaners Notting Hill | Premium House Cleaning,"Top-rated domestic cleaners in Notting Hill. We provide high-end weekly housekeeping, deep cleaning, and ironing. Book your local cleaner today."
highqualityclean.co.uk/locations/london/holland-park/,Holland Park Cleaning Services | Luxury Home Specialists,Domestic Cleaners Holland Park | Premium House Cleaning,"Top-rated domestic cleaners in Holland Park. We provide high-end weekly housekeeping, deep cleaning, and ironing. Book your local cleaner today."
highqualityclean.co.uk/locations/london/hampstead/,Hampstead Cleaning Services | Premium Residential Care,Domestic Cleaners Hampstead | Premium House Cleaning,"Top-rated domestic cleaners in Hampstead. We provide high-end weekly housekeeping, deep cleaning, and ironing. Book your local cleaner today."
highqualityclean.co.uk/locations/london/highgate/,Highgate Cleaning Services | Luxury Home Care,Domestic Cleaners Highgate | Premium House Cleaning,"Top-rated domestic cleaners in Highgate. We provide high-end weekly housekeeping, deep cleaning, and ironing. Book your local cleaner today."
highqualityclean.co.uk/locations/london/primrose-hill/,Primrose Hill Cleaning Services | High Quality Clean,Domestic Cleaners Primrose Hill | Premium House Cleaning,"Top-rated domestic cleaners in Primrose Hill. We provide high-end weekly housekeeping, deep cleaning, and ironing. Book your local cleaner today."
highqualityclean.co.uk/locations/london/st-johns-wood/,St John's Wood Cleaning | High Quality Clean,Domestic Cleaners St John's Wood | Premium House Cleaning,"Top-rated domestic cleaners in St John's Wood. We provide high-end weekly housekeeping, deep cleaning, and ironing. Book your local cleaner today."
highqualityclean.co.uk/locations/london/clapham/,Clapham Cleaning Services | Premium Residential Care,Domestic Cleaners Clapham | Premium House Cleaning,"Top-rated domestic cleaners in Clapham. We provide high-end weekly housekeeping, deep cleaning, and ironing. Book your local cleaner today."
highqualityclean.co.uk/locations/london/battersea/,Battersea Cleaning Services | High Quality Clean,Domestic Cleaners Battersea | Premium House Cleaning,"Top-rated domestic cleaners in Battersea. We provide high-end weekly housekeeping, deep cleaning, and ironing. Book your local cleaner today."
highqualityclean.co.uk/locations/london/wandsworth/,Wandsworth Cleaning Services | Premium Home Care,Domestic Cleaners Wandsworth | Premium House Cleaning,"Top-rated domestic cleaners in Wandsworth. We provide high-end weekly housekeeping, deep cleaning, and ironing. Book your local cleaner today."
highqualityclean.co.uk/locations/surrey/weybridge/,Weybridge Cleaning Services | Luxury Home Specialists,Domestic Cleaners Weybridge | Premium House Cleaning,"Top-rated domestic cleaners in Weybridge. We provide high-end weekly housekeeping, deep cleaning, and ironing. Book your local cleaner today."
highqualityclean.co.uk/locations/surrey/hersham/,Hersham Cleaning Services | High Quality Clean,Domestic Cleaners Hersham | Premium House Cleaning,"Top-rated domestic cleaners in Hersham. We provide high-end weekly housekeeping, deep cleaning, and ironing. Book your local cleaner today."
highqualityclean.co.uk/locations/surrey/walton-on-thames/,Walton-on-Thames Cleaning | High Quality Clean,Domestic Cleaners Walton-on-Thames | Premium House Cleaning,"Top-rated domestic cleaners in Walton-on-Thames. We provide high-end weekly housekeeping, deep cleaning, and ironing. Book your local cleaner today."
